<?xml version="1.0" encoding="UTF-8"?>

<operator>
  <name>VertexAITextEmbedding</name>
  <alias>VertexAITextEmbedding</alias>
  <type>Processing</type>
  <tags>
    <tag name="opCats" value="embedding,text"/>
  </tags>
  <provider>DataYoo</provider>
  <version>1.0</version>
  <computionFramework>sengee</computionFramework>
  <atom>true</atom>
  <breaker>false</breaker>
  <templatable>false</templatable>
  <replica>0</replica>
  <debugCacheable>false</debugCacheable>
  <pluginInterface>org.datayoo.sengee.op.moo.embedding.txt.VertexAITextEmbeddingDescriptor</pluginInterface>
  <pluginJar>moo-google-descriptor-1.0-SNAPSHOT.jar</pluginJar>
  <inports>
    <inport name="dataIn" dataType="/"/>
  </inports>
  <outports>
    <outport name="embeddingOut" dataType="/embedding/txt"/>
  </outports>
  <dependencies>
    <dependency>moo-google-descriptor-1.0-SNAPSHOT.jar:1.0-SNAPSHOT</dependency>
    <dependency>antlr-3.5.2.jar:3.5.2</dependency>
    <dependency>java-jwt-3.4.0.jar:3.4.0</dependency>
  </dependencies>
  <parameters>
    <parametergroup name="general" c_Compox="sightx-tab" c_Alias="一般">
      <parametergroup name="settingService" c_Option="true" c_Compox="sengee-httpproxy-settings" c_Alias="网络Http代理服务">
        <parameter name="serviceName"></parameter>
        <parameter name="serviceId"></parameter>
      </parametergroup>
      <parametergroup name="authSettingsService" c_Option="false" c_Compox="datayoo-vertexai-auth" c_Alias="访问帐号">
        <parameter name="serviceName"></parameter>
        <parameter name="serviceId"></parameter>
      </parametergroup>
      <parameter name="location" c_Option="false" c_Compox="sightx-input" c_Alias="接口区域">us-central1</parameter>
      <parameter name="projectId" c_Option="false" c_Compox="sightx-input" c_Alias="项目ID"></parameter>
      <parameter name="modelName" c_Option="false" c_Compox="modelCtrl" c_Alias="模型名称"></parameter>
      <parameter name="task_type" c_Option="false" c_Compox="taskTypeCtrl" c_Alias="向量类型"></parameter>
      <parameter name="autoTruncate" c_Option="false" c_Compox="sightx-switch" c_Alias="文本超长自动截断">true</parameter>
      <parameter name="idColumn" c_Option="false" c_Compox="sengee-column-selector" c_Alias="文本ID"></parameter>
      <parameter name="columnName" c_Option="false" c_Compox="sengee-column-selector" c_Alias="待Embedding列"></parameter>
    </parametergroup>
  </parameters>
  <compoxes>
    <compox id="modelCtrl" parentId="sightx-combox" type="CONTROLER">
      <attributes/>
      <configuration/>
      <dataDescriptor>
        <defaultValue><![CDATA["textembedding-gecko-multilingual@latest"]]></defaultValue>
        <data><![CDATA[[{"label":"gecko@latest[768]","value":"textembedding-gecko@latest"},{"label":"gecko-multilingual@latest[768]","value":"textembedding-gecko-multilingual@latest"}]]]></data>
        <actionScript><![CDATA[]]></actionScript>
      </dataDescriptor>
      <visibleDescriptors/>
      <actionDescriptors/>
      <components/>
    </compox>
    <compox id="taskTypeCtrl" parentId="sightx-combox" type="CONTROLER">
      <attributes/>
      <configuration/>
      <dataDescriptor>
        <defaultValue><![CDATA[RETRIEVAL_DOCUMENT]]></defaultValue>
        <data><![CDATA[[{"label":"查询向量","value":"RETRIEVAL_QUERY"},{"label":"底库向量","value":"RETRIEVAL_DOCUMENT"},{"label":"相似度向量","value":"SEMANTIC_SIMILARITY"},{"label":"分类向量","value":"CLASSIFICATION"},{"label":"聚合向量","value":"CLUSTERING"}]]]></data>
        <actionScript><![CDATA[]]></actionScript>
      </dataDescriptor>
      <visibleDescriptors/>
      <actionDescriptors/>
      <components/>
    </compox>
  </compoxes>
</operator>
