<?xml version="1.0" encoding="UTF-8"?>

<operator>
  <name>HuggingFaceImageDetection</name>
  <alias>HuggingFaceImageDetection</alias>
  <type>Processing</type>
  <tags>
    <tag name="opCats" value="recognizer,img"/>
  </tags>
  <provider>DataYoo</provider>
  <version>1.0</version>
  <computionFramework>sengee</computionFramework>
  <atom>true</atom>
  <breaker>false</breaker>
  <templatable>false</templatable>
  <replica>0</replica>
  <debugCacheable>false</debugCacheable>
  <pluginInterface>org.datayoo.sengee.op.moo.detection.img.HuggingFaceImageDetectionDescriptor</pluginInterface>
  <pluginJar>moo-huggingface-descriptor-1.0-SNAPSHOT.jar</pluginJar>
  <inports>
    <inport name="streamIn" dataType="/dataStream"/>
  </inports>
  <outports>
    <outport name="dataOut" dataType="/detection/image"/>
  </outports>
  <dependencies>
    <dependency>moo-huggingface-descriptor-1.0-SNAPSHOT.jar:1.0-SNAPSHOT</dependency>
    <dependency>moql-engine-1.4.6.jar:1.4.6</dependency>
    <dependency>footstone-tozoox-2.0-SNAPSHOT.jar:2.0-SNAPSHOT</dependency>
    <dependency>slf4j-reload4j-2.0.0-alpha7.jar:2.0.0-alpha7</dependency>
  </dependencies>
  <parameters>
    <parametergroup name="general" c_Compox="sightx-tab" c_Alias="一般">
      <parametergroup name="settingService" c_Option="true" c_Compox="sengee-httpproxy-settings" c_Alias="网络Http代理服务">
        <parameter name="serviceName"></parameter>
        <parameter name="serviceId"></parameter>
      </parametergroup>
      <parametergroup name="authSettingsService" c_Option="true" c_Compox="datayoo-huggingface-auth" c_Alias="访问帐号">
        <parameter name="serviceName"></parameter>
        <parameter name="serviceId"></parameter>
      </parametergroup>
      <parameter name="modelName" c_Option="false" c_Compox="sightx-input" c_Alias="模型或API端点URL"></parameter>
      <parameter name="use_cache" c_Option="true" c_Compox="sightx-switch" c_Alias="是否使用缓存">true</parameter>
      <parameter name="wait_for_model" c_Option="true" c_Compox="sightx-switch" c_Alias="是否等待模型加载">false</parameter>
    </parametergroup>
  </parameters>
</operator>
