<?xml version="1.0" encoding="UTF-8"?>

<operator>
  <name>HuggingFaceTextSummarization</name>
  <alias>HuggingFaceTextSummarization</alias>
  <type>Processing</type>
  <tags>
    <tag name="opCats" value="domain,nlp,summarize"/>
  </tags>
  <provider>DataYoo</provider>
  <version>1.0</version>
  <computionFramework>sengee</computionFramework>
  <atom>true</atom>
  <breaker>false</breaker>
  <templatable>false</templatable>
  <replica>0</replica>
  <debugCacheable>false</debugCacheable>
  <pluginInterface>org.datayoo.sengee.op.moo.summarization.txt.HuggingFaceTextSummarizationDescriptor</pluginInterface>
  <pluginJar>moo-huggingface-descriptor-1.0-SNAPSHOT.jar</pluginJar>
  <inports>
    <inport name="dataIn" dataType="/"/>
  </inports>
  <outports>
    <outport name="dataOut" dataType="/translation/txt"/>
  </outports>
  <dependencies>
    <dependency>moo-huggingface-descriptor-1.0-SNAPSHOT.jar:1.0-SNAPSHOT</dependency>
    <dependency>moql-engine-1.4.6.jar:1.4.6</dependency>
    <dependency>footstone-tozoox-2.0-SNAPSHOT.jar:2.0-SNAPSHOT</dependency>
    <dependency>slf4j-reload4j-2.0.0-alpha7.jar:2.0.0-alpha7</dependency>
  </dependencies>
  <parameters>
    <parametergroup name="general" c_Compox="sightx-tab" c_Alias="一般">
      <parametergroup name="settingService" c_Option="true" c_Compox="sengee-httpproxy-settings" c_Alias="网络Http代理服务">
        <parameter name="serviceName"></parameter>
        <parameter name="serviceId"></parameter>
      </parametergroup>
      <parametergroup name="authSettingsService" c_Option="true" c_Compox="datayoo-huggingface-auth" c_Alias="访问帐号">
        <parameter name="serviceName"></parameter>
        <parameter name="serviceId"></parameter>
      </parametergroup>
      <parameter name="modelName" c_Option="false" c_Compox="sightx-input" c_Alias="模型或API端点URL"></parameter>
      <parameter name="idColumn" c_Option="false" c_Compox="sengee-column-selector" c_Alias="文本ID"></parameter>
      <parameter name="columnName" c_Option="false" c_Compox="sengee-string-column-selector" c_Alias="待摘要列"></parameter>
      <parameter name="min_length" c_Option="false" c_Compox="sightx-uinteger" c_Alias="输出摘要的最小token数">0</parameter>
      <parameter name="max_length" c_Option="false" c_Compox="sightx-uinteger" c_Alias="输出摘要的最大token数">0</parameter>
      <parameter name="top_k" c_Option="false" c_Compox="sightx-uinteger" c_Alias="核心生成token数">0</parameter>
      <parameter name="top_p" c_Option="false" c_Compox="sightx-udouble" c_Alias="核心采样指数">0</parameter>
      <parameter name="temperature" c_Option="false" c_Compox="sightx-udouble" c_Alias="随机度调节指数">1.0</parameter>
      <parameter name="repetition_penalty" c_Option="false" c_Compox="sightx-udouble" c_Alias="'复现'惩罚">0</parameter>
      <parameter name="max_time" c_Option="false" c_Compox="sightx-uinteger" c_Alias="最大生成时间(0~120)秒">0</parameter>
      <parameter name="use_cache" c_Option="true" c_Compox="sightx-switch" c_Alias="是否使用缓存">true</parameter>
      <parameter name="wait_for_model" c_Option="true" c_Compox="sightx-switch" c_Alias="是否等待模型加载">false</parameter>
    </parametergroup>
  </parameters>
</operator>
