<?xml version="1.0" encoding="UTF-8"?>

<operator>
  <name>HuggingFaceSpeechToText</name>
  <alias>HuggingFaceSpeechToText</alias>
  <type>Processing</type>
  <tags>
    <tag name="opCats" value="extractor,audio,txt"/>
  </tags>
  <provider>DataYoo</provider>
  <version>1.0</version>
  <computionFramework>sengee</computionFramework>
  <atom>true</atom>
  <breaker>false</breaker>
  <templatable>false</templatable>
  <replica>0</replica>
  <debugCacheable>false</debugCacheable>
  <pluginInterface>org.datayoo.sengee.op.moo.extractor.audio.HuggingFaceSpeechToTextDescriptor</pluginInterface>
  <pluginJar>moo-huggingface-descriptor-1.0-SNAPSHOT.jar</pluginJar>
  <inports>
    <inport name="streamIn" dataType="/dataStream"/>
  </inports>
  <outports>
    <outport name="dataOut" dataType="/d1RegionFeature"/>
  </outports>
  <dependencies>
    <dependency>moo-huggingface-descriptor-1.0-SNAPSHOT.jar:1.0-SNAPSHOT</dependency>
    <dependency>antlr-3.5.2.jar:3.5.2</dependency>
    <dependency>moql-engine-1.4.8.jar:1.4.8</dependency>
  </dependencies>
  <parameters>
    <parametergroup name="general" c_Compox="sightx-tab" c_Alias="一般">
      <parametergroup name="settingService" c_Option="true" c_Compox="sengee-httpproxy-settings" c_Alias="网络Http代理服务">
        <parameter name="serviceName"></parameter>
        <parameter name="serviceId"></parameter>
      </parametergroup>
      <parametergroup name="authSettingsService" c_Option="true" c_Compox="datayoo-huggingface-auth" c_Alias="访问帐号">
        <parameter name="serviceName"></parameter>
        <parameter name="serviceId"></parameter>
      </parametergroup>
      <parameter name="modelName" c_Option="false" c_Compox="sightx-input" c_Alias="模型或API端点URL"></parameter>
    </parametergroup>
  </parameters>
</operator>
