<?xml version="1.0" encoding="UTF-8"?>

<operator>
  <name>HuggingFaceTextGenerator</name>
  <alias>HuggingFaceTextGenerator</alias>
  <type>Processing</type>
  <tags>
    <tag name="opCats" value="domain,nlp,generator"/>
  </tags>
  <provider>DataYoo</provider>
  <version>1.0</version>
  <computionFramework>sengee</computionFramework>
  <atom>true</atom>
  <breaker>false</breaker>
  <templatable>false</templatable>
  <replica>0</replica>
  <debugCacheable>false</debugCacheable>
  <pluginInterface>org.datayoo.sengee.op.moo.generator.txt.HuggingFaceTextGeneratorDescriptor</pluginInterface>
  <pluginJar>moo-huggingface-descriptor-1.0-SNAPSHOT.jar</pluginJar>
  <inports>
    <inport name="promptIn" dataType="/prompt"/>
  </inports>
  <outports>
    <outport name="dataOut" dataType="/textGen"/>
  </outports>
  <dependencies>
    <dependency>moo-huggingface-descriptor-1.0-SNAPSHOT.jar:1.0-SNAPSHOT</dependency>
    <dependency>antlr-3.5.2.jar:3.5.2</dependency>
    <dependency>moql-engine-1.4.8.jar:1.4.8</dependency>
  </dependencies>
  <parameters>
    <parametergroup name="general" c_Compox="sightx-tab" c_Alias="一般">
      <parametergroup name="settingService" c_Option="true" c_Compox="sengee-httpproxy-settings" c_Alias="网络Http代理服务">
        <parameter name="serviceName"></parameter>
        <parameter name="serviceId"></parameter>
      </parametergroup>
      <parametergroup name="authSettingsService" c_Option="true" c_Compox="datayoo-huggingface-auth" c_Alias="访问帐号">
        <parameter name="serviceName"></parameter>
        <parameter name="serviceId"></parameter>
      </parametergroup>
      <parameter name="modelName" c_Option="false" c_Compox="sightx-input" c_Alias="模型或API端点URL"></parameter>
      <parameter name="top_k" c_Option="false" c_Compox="sightx-uinteger" c_Alias="核心提示token数">0</parameter>
      <parameter name="top_p" c_Option="false" c_Compox="sightx-udouble" c_Alias="核心采样指数">0</parameter>
      <parameter name="temperature" c_Option="false" c_Compox="sightx-udouble" c_Alias="随机度调节指数">1.0</parameter>
      <parameter name="repetition_penalty" c_Option="false" c_Compox="sightx-udouble" c_Alias="'复现'惩罚">0</parameter>
      <parameter name="max_new_tokens" c_Option="false" c_Compox="sightx-uinteger" c_Alias="生成文本的最大tokens">0</parameter>
      <parameter name="max_time" c_Option="false" c_Compox="sightx-uinteger" c_Alias="最大生成时间(0~120)秒">0</parameter>
      <parameter name="return_full_text" c_Option="false" c_Compox="sightx-switch" c_Alias="是否返回输入信息">true</parameter>
      <parameter name="num_return_sequences" c_Option="false" c_Compox="sightx-integer" c_Alias="返回结果的数量">1</parameter>
      <parameter name="do_sample" c_Option="false" c_Compox="sightx-switch" c_Alias="是否采样">true</parameter>
      <parameter name="use_cache" c_Option="true" c_Compox="sightx-switch" c_Alias="是否使用缓存">true</parameter>
      <parameter name="wait_for_model" c_Option="true" c_Compox="sightx-switch" c_Alias="是否等待模型加载">false</parameter>
    </parametergroup>
  </parameters>
</operator>
