<?xml version="1.0" encoding="UTF-8"?>

<operator>
  <name>HuggingFaceTokenClassification</name>
  <alias>HuggingFaceTokenClassification</alias>
  <type>Processing</type>
  <tags>
    <tag name="opCats" value="domain,nlp,ner"/>
  </tags>
  <provider>DataYoo</provider>
  <version>1.0</version>
  <computionFramework>sengee</computionFramework>
  <atom>true</atom>
  <breaker>false</breaker>
  <templatable>false</templatable>
  <replica>0</replica>
  <debugCacheable>false</debugCacheable>
  <pluginInterface>org.datayoo.sengee.op.moo.classification.txt.HuggingFaceTokenClassificationDescriptor</pluginInterface>
  <pluginJar>moo-huggingface-descriptor-1.0-SNAPSHOT.jar</pluginJar>
  <inports>
    <inport name="dataIn" dataType="/"/>
  </inports>
  <outports>
    <outport name="dataOut" dataType="/token"/>
  </outports>
  <dependencies>
    <dependency>moo-huggingface-descriptor-1.0-SNAPSHOT.jar:1.0-SNAPSHOT</dependency>
    <dependency>antlr-3.5.2.jar:3.5.2</dependency>
    <dependency>moql-engine-1.4.8.jar:1.4.8</dependency>
  </dependencies>
  <parameters>
    <parametergroup name="general" c_Compox="sightx-tab" c_Alias="一般">
      <parametergroup name="settingService" c_Option="true" c_Compox="sengee-httpproxy-settings" c_Alias="网络Http代理服务">
        <parameter name="serviceName"></parameter>
        <parameter name="serviceId"></parameter>
      </parametergroup>
      <parametergroup name="authSettingsService" c_Option="true" c_Compox="datayoo-huggingface-auth" c_Alias="访问帐号">
        <parameter name="serviceName"></parameter>
        <parameter name="serviceId"></parameter>
      </parametergroup>
      <parameter name="modelName" c_Option="false" c_Compox="sightx-input" c_Alias="模型或API端点URL"></parameter>
      <parameter name="flattenMode" c_Option="false" c_Compox="sightx-switch" c_Alias="是否扁平模式输出">true</parameter>
      <parameter name="idColumn" c_Option="false" c_Compox="idColumnCtrl" c_Alias="文本ID"></parameter>
      <parameter name="columnName" c_Option="false" c_Compox="sengee-string-column-selector" c_Alias="待分类列"></parameter>
      <parameter name="aggregation_strategy" c_Option="true" c_Compox="strategyCtrl" c_Alias="归并策略">simple</parameter>
      <parameter name="use_cache" c_Option="true" c_Compox="sightx-switch" c_Alias="是否使用缓存">true</parameter>
      <parameter name="wait_for_model" c_Option="true" c_Compox="sightx-switch" c_Alias="是否等待模型加载">false</parameter>
    </parametergroup>
  </parameters>
  <compoxes>
    <compox id="idColumnCtrl" parentId="sengee-column-selector" type="CONTROLER">
      <attributes/>
      <configuration/>
      <visibleDescriptors>
        <visibleDescriptor type="VISIBLE">
          <condition><![CDATA[flattenMode]]></condition>
        </visibleDescriptor>
      </visibleDescriptors>
      <actionDescriptors/>
      <components/>
    </compox>
    <compox id="strategyCtrl" parentId="sightx-combox" type="CONTROLER">
      <attributes/>
      <configuration/>
      <dataDescriptor>
        <defaultValue><![CDATA[false]]></defaultValue>
        <data><![CDATA[[{"label": "NONE", "value": "none"}, {"label": "SIMPLE", "value": "simple"}, {"label": "FIRST", "value": "first"}, {"label": "AVERAGE", "value": "average"}, {"label": "MAX", "value": "max"}]]]></data>
        <actionScript><![CDATA[]]></actionScript>
      </dataDescriptor>
      <visibleDescriptors/>
      <actionDescriptors/>
      <components/>
    </compox>
  </compoxes>
</operator>
