<?xml version="1.0" encoding="UTF-8"?>

<operator>
  <name>CommonPrompt</name>
  <alias>CommonPrompt</alias>
  <type>Processing</type>
  <provider>DataYoo</provider>
  <version>1.0</version>
  <computionFramework>oyez</computionFramework>
  <atom>true</atom>
  <breaker>false</breaker>
  <templatable>false</templatable>
  <replica>0</replica>
  <debugCacheable>false</debugCacheable>
  <pluginInterface>org.datayoo.oyez.op.moo.prompt.CommonPrompt</pluginInterface>
  <pluginJar>qilee-prompt-oyez-1.0-SNAPSHOT.jar</pluginJar>
  <inports>
    <inport name="dataIn" dataType="/"/>
  </inports>
  <outports>
    <outport name="promptOut" dataType="/prompt"/>
  </outports>
  <dependencies>
    <dependency>qilee-prompt-oyez-1.0-SNAPSHOT.jar:1.0-SNAPSHOT</dependency>
    <dependency>qilee-prompt-descriptor-1.0-SNAPSHOT.jar:1.0-SNAPSHOT</dependency>
    <dependency>footstone-srvx-common-1.0-SNAPSHOT.jar:1.0-SNAPSHOT</dependency>
    <dependency>qilee-common-1.0-SNAPSHOT.jar:1.0-SNAPSHOT</dependency>
  </dependencies>
  <parameters/>
</operator>
