<?xml version="1.0" encoding="UTF-8"?>

<operator>
  <name>LargeTextPrompt</name>
  <alias>LargeTextPrompt</alias>
  <type>Processing</type>
  <provider>DataYoo</provider>
  <version>1.0</version>
  <computionFramework>oyez</computionFramework>
  <pluginInterface>org.datayoo.oyez.op.moo.prompt.LargeTextPrompt</pluginInterface>
  <pluginJar>qilee-prompt-oyez-1.0-SNAPSHOT.jar</pluginJar>
  <inports>
    <inport name="dataIn" dataType="/"/>
  </inports>
  <outports>
    <outport name="promptOut" dataType="/prompt"/>
  </outports>
  <dependencies>
    <dependency>qilee-prompt-oyez-1.0-SNAPSHOT.jar:1.0-SNAPSHOT</dependency>
    <dependency>qilee-common-1.0-SNAPSHOT.jar:1.0-SNAPSHOT</dependency>
    <dependency>qilee-prompt-descriptor-1.0-SNAPSHOT.jar:1.0-SNAPSHOT</dependency>
  </dependencies>
  <parameters/>
</operator>
