<?xml version="1.0" encoding="UTF-8"?>

<operator>
  <name>TencentHunYuanTextGenerator</name>
  <alias>TencentHunYuanTextGenerator</alias>
  <type>Processing</type>
  <tags>
    <tag name="opCats" value="domain,nlp,generator"/>
  </tags>
  <provider>DataYoo</provider>
  <version>1.0</version>
  <computionFramework>sengee</computionFramework>
  <pluginInterface>org.datayoo.sengee.op.moo.generator.txt.TencentHunYuanTextGeneratorDescriptor</pluginInterface>
  <pluginJar>moo-tencent-descriptor-1.0-SNAPSHOT.jar</pluginJar>
  <inports>
    <inport name="promptIn" dataType="/prompt"/>
  </inports>
  <outports>
    <outport name="dataOut" dataType="/textGen"/>
  </outports>
  <dependencies>
    <dependency>antlr-3.5.2.jar:3.5.2</dependency>
    <dependency>moo-tencent-descriptor-1.0-SNAPSHOT.jar:1.0-SNAPSHOT</dependency>
  </dependencies>
  <parameters>
    <parametergroup name="general" c_Compox="sightx-tab" c_Alias="一般">
      <parametergroup name="settingService" c_Option="true" c_Compox="sengee-httpproxy-settings" c_Alias="网络Http代理服务">
        <parameter name="serviceName"></parameter>
        <parameter name="serviceId"></parameter>
      </parametergroup>
      <parametergroup name="authSettingsService" c_Option="false" c_Compox="datayoo-hunyuan-auth" c_Alias="访问帐号">
        <parameter name="serviceName"></parameter>
        <parameter name="serviceId"></parameter>
      </parametergroup>
      <parameter name="region" c_Option="false" c_Compox="regionCtrl" c_Alias="区域">ap-beijing</parameter>
      <parameter name="modelName" c_Option="false" c_Compox="modelCtrl" c_Alias="模型">hunyuan-standard</parameter>
      <parameter name="temperature" c_Option="false" c_Compox="sightx-udouble" c_Alias="随机度调节指数">1.0</parameter>
      <parameter name="top_p" c_Option="false" c_Compox="sightx-pdouble" c_Alias="核心采样指数">0.5</parameter>
      <parameter name="enableEnhancement" c_Option="false" c_Compox="sightx-switch" c_Alias="功能增强">false</parameter>
    </parametergroup>
  </parameters>
  <compoxes>
    <compox id="regionCtrl" parentId="sightx-combox" type="CONTROLER">
      <attributes/>
      <configuration/>
      <dataDescriptor>
        <defaultValue><![CDATA[ap-beijing
]]></defaultValue>
        <data><![CDATA[[{"label":"华北地区（北京）","value":"ap-beijing
"},{"label":"华南地区（广州）","value":"ap-guangzhou"}]]]></data>
        <actionScript><![CDATA[]]></actionScript>
      </dataDescriptor>
      <visibleDescriptors/>
      <actionDescriptors/>
      <components/>
    </compox>
    <compox id="modelCtrl" parentId="sightx-combox" type="CONTROLER">
      <attributes/>
      <configuration/>
      <dataDescriptor>
        <defaultValue><![CDATA[hunyuan-standard]]></defaultValue>
        <data><![CDATA[[{"label":"hunyuan-lite","value":"hunyuan-lite"},{"label":"hunyuan-standard","value":"hunyuan-standard"},{"label":"hunyuan-standard-256K","value":"hunyuan-standard-256K"},{"label":"hunyuan-pro","value":"hunyuan-pro"}]]]></data>
        <actionScript><![CDATA[]]></actionScript>
      </dataDescriptor>
      <visibleDescriptors/>
      <actionDescriptors/>
      <components/>
    </compox>
  </compoxes>
</operator>
