<?xml version="1.0" encoding="UTF-8"?>

<operator>
  <name>TencentHunYuanTextEmbedding</name>
  <alias>TencentHunYuanTextEmbedding</alias>
  <type>Processing</type>
  <tags>
    <tag name="opCats" value="embedding,text"/>
  </tags>
  <provider>DataYoo</provider>
  <version>1.0</version>
  <computionFramework>sengee</computionFramework>
  <pluginInterface>org.datayoo.sengee.op.moo.embedding.txt.TencentHunYuanTextEmbeddingDescriptor</pluginInterface>
  <pluginJar>moo-tencent-descriptor-1.0-SNAPSHOT.jar</pluginJar>
  <inports>
    <inport name="dataIn" dataType="/"/>
  </inports>
  <outports>
    <outport name="embeddingOut" dataType="/embedding/txt"/>
  </outports>
  <dependencies>
    <dependency>antlr-3.5.2.jar:3.5.2</dependency>
    <dependency>moo-tencent-descriptor-1.0-SNAPSHOT.jar:1.0-SNAPSHOT</dependency>
  </dependencies>
  <parameters>
    <parametergroup name="general" c_Compox="sightx-tab" c_Alias="一般">
      <parametergroup name="settingService" c_Option="true" c_Compox="sengee-httpproxy-settings" c_Alias="网络Http代理服务">
        <parameter name="serviceName"></parameter>
        <parameter name="serviceId"></parameter>
      </parametergroup>
      <parametergroup name="authSettingsService" c_Option="false" c_Compox="datayoo-hunyuan-auth" c_Alias="访问帐号">
        <parameter name="serviceName"></parameter>
        <parameter name="serviceId"></parameter>
      </parametergroup>
      <parameter name="modelName" c_Option="false" c_Compox="sightx-hidden" c_Alias="模型">hunyuan</parameter>
      <parameter name="idColumn" c_Option="false" c_Compox="sengee-column-selector" c_Alias="文本ID"></parameter>
      <parameter name="columnName" c_Option="false" c_Compox="sengee-column-selector" c_Alias="待Embedding列"></parameter>
    </parametergroup>
  </parameters>
</operator>
