<?xml version="1.0" encoding="UTF-8"?>

<operator>
  <name>ParquetReader</name>
  <alias>ParquetReader</alias>
  <type>Reader</type>
  <provider>DataYoo</provider>
  <version>1.0</version>
  <computionFramework>oyez</computionFramework>
  <dependencyPolicy>PublicFirst</dependencyPolicy>
  <pluginInterface>org.datayoo.oyez.op.reader.stream.ParquetReader</pluginInterface>
  <pluginJar>file-parquet-oyez-1.0-SNAPSHOT.jar</pluginJar>
  <inports>
    <inport name="streamIn" dataType="/dataStream" option="false" connectionLimit="1"/>
  </inports>
  <outports>
    <outport name="dataOut" dataType="/"/>
  </outports>
  <dependencies>
    <dependency>hive-shims-common-3.1.3.jar:3.1.3</dependency>
    <dependency>hadoop-yarn-server-common-3.1.0.jar:3.1.0</dependency>
    <dependency>file-parquet-oyez-1.0-SNAPSHOT.jar:1.0-SNAPSHOT</dependency>
    <dependency>libthrift-0.9.3.jar:0.9.3</dependency>
    <dependency>parquet-avro-1.13.1.jar:1.13.1</dependency>
    <dependency>netty-3.7.0.Final.jar:3.7.0.Final</dependency>
    <dependency>hadoop-yarn-server-web-proxy-3.1.0.jar:3.1.0</dependency>
    <dependency>parquet-encoding-1.13.1.jar:1.13.1</dependency>
    <dependency>mssql-jdbc-6.2.1.jre7.jar:6.2.1.jre7</dependency>
    <dependency>iox-supporter-hadoop-1.0-SNAPSHOT.jar:1.0-SNAPSHOT</dependency>
    <dependency>geronimo-jcache_1.0_spec-1.0-alpha-1.jar:1.0-alpha-1</dependency>
    <dependency>hadoop-yarn-registry-3.1.0.jar:3.1.0</dependency>
    <dependency>json-io-2.5.1.jar:2.5.1</dependency>
    <dependency>json-1.8.jar:1.8</dependency>
    <dependency>commons-lang-2.6.jar:2.6</dependency>
    <dependency>accessors-smart-2.4.7.jar:2.4.7</dependency>
    <dependency>fst-2.50.jar:2.50</dependency>
    <dependency>javolution-5.5.1.jar:5.5.1</dependency>
    <dependency>ehcache-3.3.1.jar:3.3.1</dependency>
    <dependency>commons-pool-1.6.jar:1.6</dependency>
    <dependency>metrics-json-3.1.0.jar:3.1.0</dependency>
    <dependency>orc-core-1.5.8.jar:1.5.8</dependency>
    <dependency>commons-daemon-1.0.13.jar:1.0.13</dependency>
    <dependency>hive-shims-0.23-3.1.3.jar:3.1.3</dependency>
    <dependency>leveldbjni-all-1.8.jar:1.8</dependency>
    <dependency>file-parquet-descriptor-1.0-SNAPSHOT.jar:1.0-SNAPSHOT</dependency>
    <dependency>parquet-column-1.13.1.jar:1.13.1</dependency>
    <dependency>zstd-jni-1.5.0-1.jar:1.5.0-1</dependency>
    <dependency>orc-shims-1.5.8.jar:1.5.8</dependency>
    <dependency>hive-classification-3.1.3.jar:3.1.3</dependency>
    <dependency>parquet-hadoop-1.13.1.jar:1.13.1</dependency>
    <dependency>parquet-format-structures-1.13.1.jar:1.13.1</dependency>
    <dependency>java-util-1.9.0.jar:1.9.0</dependency>
    <dependency>hadoop-yarn-server-applicationhistoryservice-3.1.0.jar:3.1.0</dependency>
    <dependency>hive-common-3.1.3.jar:3.1.3</dependency>
    <dependency>metrics-jvm-3.1.0.jar:3.1.0</dependency>
    <dependency>hive-storage-api-2.7.0.jar:2.7.0</dependency>
    <dependency>joda-time-2.9.9.jar:2.9.9</dependency>
    <dependency>parquet-common-1.13.1.jar:1.13.1</dependency>
    <dependency>json-smart-2.4.7.jar:2.4.7</dependency>
    <dependency>hive-shims-3.1.3.jar:3.1.3</dependency>
    <dependency>hadoop-yarn-server-resourcemanager-3.1.0.jar:3.1.0</dependency>
    <dependency>jpam-1.1.jar:1.1</dependency>
    <dependency>parquet-jackson-1.13.1.jar:1.13.1</dependency>
    <dependency>hive-shims-scheduler-3.1.3.jar:3.1.3</dependency>
    <dependency>metrics-core-3.1.0.jar:3.1.0</dependency>
    <dependency>hive-upgrade-acid-3.1.3.jar:3.1.3</dependency>
    <dependency>aircompressor-0.21.jar:0.21</dependency>
  </dependencies>
  <parameters/>
</operator>
