<?xml version="1.0" encoding="UTF-8"?>

<operator>
  <name>PythonScript</name>
  <alias>PythonScript</alias>
  <type>Processing</type>
  <tags>
    <tag name="envDeps" value="python"/>
  </tags>
  <provider>DataYoo</provider>
  <version>1.0</version>
  <computionFramework>oyez</computionFramework>
  <debugCacheable>true</debugCacheable>
  <pluginInterface>org.datayoo.oyez.op.laint.python.PythonScript</pluginInterface>
  <pluginJar>laint-python-oyez-1.0-SNAPSHOT.jar</pluginJar>
  <inports>
    <inport name="dataIn" dataType="/" option="false"/>
  </inports>
  <outports>
    <outport name="dataOut" dataType="/"/>
  </outports>
  <dependencies>
    <dependency>laint-python-oyez-1.0-SNAPSHOT.jar:1.0-SNAPSHOT</dependency>
    <dependency>jep-4.0.3.jar:4.0.3</dependency>
    <dependency>laint-common-1.0-SNAPSHOT.jar:1.0-SNAPSHOT</dependency>
    <dependency>laint-python-descriptor-1.0-SNAPSHOT.jar:1.0-SNAPSHOT</dependency>
  </dependencies>
  <parameters/>
</operator>
