<?xml version="1.0" encoding="UTF-8"?>

<operator>
  <name>VertexAITextGenerator</name>
  <alias>VertexAITextGenerator</alias>
  <type>Processing</type>
  <provider>DataYoo</provider>
  <version>1.0</version>
  <computionFramework>oyez</computionFramework>
  <atom>true</atom>
  <breaker>false</breaker>
  <templatable>false</templatable>
  <replica>0</replica>
  <debugCacheable>false</debugCacheable>
  <pluginInterface>org.datayoo.oyez.op.moo.generator.txt.VertexAITextGenerator</pluginInterface>
  <pluginJar>moo-google-oyez-1.0-SNAPSHOT.jar</pluginJar>
  <inports>
    <inport name="promptIn" dataType="/prompt"/>
  </inports>
  <outports>
    <outport name="dataOut" dataType="/textGen"/>
  </outports>
  <dependencies>
    <dependency>moo-google-oyez-1.0-SNAPSHOT.jar:1.0-SNAPSHOT</dependency>
    <dependency>moo-google-descriptor-1.0-SNAPSHOT.jar:1.0-SNAPSHOT</dependency>
    <dependency>google-http-client-gson-1.42.3.jar:1.42.3</dependency>
    <dependency>google-http-client-1.42.3.jar:1.42.3</dependency>
    <dependency>error_prone_annotations-2.16.jar:2.16</dependency>
    <dependency>opencensus-api-0.31.1.jar:0.31.1</dependency>
    <dependency>opencensus-contrib-http-util-0.31.1.jar:0.31.1</dependency>
    <dependency>grpc-context-1.27.2.jar:1.27.2</dependency>
    <dependency>google-auth-library-credentials-1.19.0.jar:1.19.0</dependency>
    <dependency>google-auth-library-oauth2-http-1.19.0.jar:1.19.0</dependency>
    <dependency>auto-value-annotations-1.10.1.jar:1.10.1</dependency>
  </dependencies>
  <parameters/>
</operator>
