<?xml version="1.0" encoding="UTF-8"?>

<operator>
  <name>OllamaGenerator</name>
  <alias>OllamaGenerator</alias>
  <type>Processing</type>
  <provider>DataYoo</provider>
  <version>1.0</version>
  <computionFramework>oyez</computionFramework>
  <pluginInterface>org.datayoo.oyez.op.moo.generator.OllamaGenerator</pluginInterface>
  <pluginJar>moo-ollama-oyez-1.0-SNAPSHOT.jar</pluginJar>
  <inports>
    <inport name="promptIn" dataType="/prompt"/>
  </inports>
  <outports>
    <outport name="dataOut" dataType="/textGen"/>
  </outports>
  <dependencies>
    <dependency>moo-ollama-oyez-1.0-SNAPSHOT.jar:1.0-SNAPSHOT</dependency>
    <dependency>moo-ollama-descriptor-1.0-SNAPSHOT.jar:1.0-SNAPSHOT</dependency>
    <dependency>moo-ali-descriptor-1.0-SNAPSHOT.jar:1.0-SNAPSHOT</dependency>
  </dependencies>
  <parameters/>
</operator>
