<?xml version="1.0" encoding="UTF-8"?>

<operator>
  <name>ZhiPuTextGenerator</name>
  <alias>ZhiPuTextGenerator</alias>
  <type>Processing</type>
  <provider>DataYoo</provider>
  <version>1.0</version>
  <computionFramework>oyez</computionFramework>
  <atom>true</atom>
  <breaker>false</breaker>
  <templatable>false</templatable>
  <replica>0</replica>
  <debugCacheable>false</debugCacheable>
  <pluginInterface>org.datayoo.oyez.op.moo.generator.tx.ZhiPuTextGenerator</pluginInterface>
  <pluginJar>moo-zhipu-oyez-1.0-SNAPSHOT.jar</pluginJar>
  <inports>
    <inport name="promptIn" dataType="/prompt"/>
  </inports>
  <outports>
    <outport name="dataOut" dataType="/textGen"/>
  </outports>
  <dependencies>
    <dependency>moo-zhipu-oyez-1.0-SNAPSHOT.jar:1.0-SNAPSHOT</dependency>
    <dependency>java-jwt-4.3.0.jar:4.3.0</dependency>
    <dependency>moo-zhipu-descriptor-1.0-SNAPSHOT.jar:1.0-SNAPSHOT</dependency>
  </dependencies>
  <parameters/>
</operator>
