<?xml version="1.0" encoding="UTF-8"?>

<operator>
  <name>Complement</name>
  <alias>Complement</alias>
  <type>Processing</type>
  <provider>DataYoo</provider>
  <version>1.0</version>
  <computionFramework>oyez</computionFramework>
  <atom>true</atom>
  <breaker>false</breaker>
  <templatable>false</templatable>
  <replica>-1</replica>
  <debugCacheable>true</debugCacheable>
  <pluginInterface>org.datayoo.oyez.op.processing.r.join.Complement</pluginInterface>
  <pluginJar>processing-row-oyez-1.0-SNAPSHOT.jar</pluginJar>
  <inports>
    <inport name="leftIn" dataType="/" option="false"/>
    <inport name="rightIn" dataType="/" option="false"/>
  </inports>
  <outports>
    <outport name="dataOut" dataType="/"/>
  </outports>
  <dependencies>
    <dependency>processing-row-oyez-1.0-SNAPSHOT.jar:1.0-SNAPSHOT</dependency>
    <dependency>privacy-google-1.0-SNAPSHOT.jar:1.0-SNAPSHOT</dependency>
    <dependency>error_prone_annotations-2.11.0.jar:2.11.0</dependency>
    <dependency>footstone-srvx-common-1.0-SNAPSHOT.jar:1.0-SNAPSHOT</dependency>
    <dependency>processing-row-descriptor-1.0-SNAPSHOT.jar:1.0-SNAPSHOT</dependency>
    <dependency>auto-value-annotations-1.9.jar:1.9</dependency>
  </dependencies>
  <parameters/>
</operator>
