<?xml version="1.0" encoding="UTF-8"?>

<operator>
  <name>OllamaGenerator</name>
  <alias>OllamaGenerator</alias>
  <type>Processing</type>
  <tags>
    <tag name="opCats" value="domain,nlp,generator"/>
  </tags>
  <provider>DataYoo</provider>
  <version>1.0</version>
  <computionFramework>sengee</computionFramework>
  <pluginInterface>org.datayoo.sengee.op.moo.generator.OllamaGeneratorDescriptor</pluginInterface>
  <pluginJar>moo-ollama-descriptor-1.0-SNAPSHOT.jar</pluginJar>
  <inports>
    <inport name="promptIn" dataType="/prompt"/>
  </inports>
  <outports>
    <outport name="dataOut" dataType="/textGen"/>
  </outports>
  <dependencies>
    <dependency>moo-ollama-descriptor-1.0-SNAPSHOT.jar:1.0-SNAPSHOT</dependency>
    <dependency>antlr-3.5.2.jar:3.5.2</dependency>
  </dependencies>
  <parameters>
    <parametergroup name="general" c_Compox="sightx-tab" c_Alias="一般">
      <parameter name="url" c_Option="false" c_Compox="modelCtrl" c_Alias="ollama地址">localhost:11434</parameter>
      <parameter name="modelName" c_Option="false" c_Alias="模型">qwen</parameter>
      <parameter name="num_ctx" c_Option="false" c_Compox="sightx-uinteger" c_Alias="上下文最大tokens">1500</parameter>
      <parameter name="temperature" c_Option="false" c_Compox="sightx-udouble" c_Alias="随机度调节指数">1.0</parameter>
      <parameter name="top_p" c_Option="false" c_Compox="sightx-pdouble" c_Alias="核心采样指数">0.5</parameter>
      <parameter name="top_k" c_Option="false" c_Compox="sightx-uinteger" c_Alias="采样候选集大小">50</parameter>
      <parameter name="seed" c_Option="false" c_Compox="sightx-udouble" c_Alias="随机数种子">1234</parameter>
      <parameter name="repeat_penalty" c_Option="false" c_Compox="sightx-udouble" c_Alias="'复现'惩罚">1.0</parameter>
      <parameter name="stopWords" c_Option="true" c_Compox="sightx-input" c_Alias="停止词"></parameter>
    </parametergroup>
  </parameters>
</operator>
