<?xml version="1.0" encoding="UTF-8"?>

<operator>
  <name>JsonFlatter</name>
  <alias>JsonFlatter</alias>
  <type>Processing</type>
  <provider>DataYoo</provider>
  <version>1.0</version>
  <computionFramework>oyez</computionFramework>
  <atom>true</atom>
  <breaker>false</breaker>
  <templatable>false</templatable>
  <replica>0</replica>
  <debugCacheable>true</debugCacheable>
  <pluginInterface>org.datayoo.oyez.op.processing.flat.JsonFlatter</pluginInterface>
  <pluginJar>structx-column-oyez-1.0-SNAPSHOT.jar</pluginJar>
  <inports>
    <inport name="dataIn" dataType="/" option="false"/>
  </inports>
  <outports>
    <outport name="dataOut" dataType="/"/>
  </outports>
  <dependencies>
    <dependency>structx-column-oyez-1.0-SNAPSHOT.jar:1.0-SNAPSHOT</dependency>
    <dependency>footstone-srvx-common-1.0-SNAPSHOT.jar:1.0-SNAPSHOT</dependency>
    <dependency>structx-column-descriptor-1.0-SNAPSHOT.jar:1.0-SNAPSHOT</dependency>
  </dependencies>
  <parameters/>
</operator>
