<?xml version="1.0" encoding="UTF-8"?>

<operator>
  <name>PythonScript</name>
  <alias>PythonScript</alias>
  <type>Processing</type>
  <tags>
    <tag name="envDeps" value="python"/>
    <tag name="language" value="python"/>
    <tag name="opCats" value="script"/>
  </tags>
  <provider>DataYoo</provider>
  <version>1.0</version>
  <computionFramework>sengee</computionFramework>
  <debugCacheable>true</debugCacheable>
  <pluginInterface>org.datayoo.sengee.op.processing.script.PythonScriptDescriptor</pluginInterface>
  <pluginJar>laint-python-descriptor-1.0-SNAPSHOT.jar</pluginJar>
  <inports>
    <inport name="dataIn" dataType="/" option="false"/>
  </inports>
  <outports>
    <outport name="dataOut" dataType="/"/>
  </outports>
  <dependencies>
    <dependency>antlr-3.5.2.jar:3.5.2</dependency>
    <dependency>laint-python-descriptor-1.0-SNAPSHOT.jar:1.0-SNAPSHOT</dependency>
  </dependencies>
  <parameters>
    <parametergroup name="general" c_Compox="sightx-tab" c_Alias="一般">
      <parametertable name="outputSettings" c_Compox="sengee-outputSettings" c_Alias="输出设置">
        <head horizontal="false">
          <parameter name="portName" c_Alias="输出端口名"></parameter>
          <parameter name="flowDataType" c_Alias="输出数据类型"></parameter>
          <parameter name="columnSetMetas" c_Alias="输出列集"></parameter>
        </head>
        <parameterrow>
          <parameter name="portName">dataOut</parameter>
          <parameter name="flowDataType">/</parameter>
          <parameter name="columnSetMetas"></parameter>
        </parameterrow>
      </parametertable>
    </parametergroup>
    <parametergroup name="script" c_Compox="sightx-tab" c_Alias="脚本">
      <parameter name="script" c_Option="false" c_Escape="false" c_Compox="sengee-python-script" c_Alias="脚本代码"></parameter>
      <parametertable name="dependencies">
        <head>
          <parameter name="name" c_Alias="名称"></parameter>
          <parameter name="package" c_Alias="是否为代码包">false</parameter>
          <parameter name="path" c_Alias="路径"></parameter>
        </head>
      </parametertable>
    </parametergroup>
  </parameters>
</operator>
