<?xml version="1.0" encoding="UTF-8"?>

<operator>
  <name>Json2KVTable</name>
  <alias>Json2KVTable</alias>
  <type>Processing</type>
  <tags>
    <tag name="opCats" value="rowset,flat"/>
  </tags>
  <provider>DataYoo</provider>
  <version>1.0</version>
  <computionFramework>sengee</computionFramework>
  <atom>true</atom>
  <breaker>false</breaker>
  <templatable>false</templatable>
  <replica>0</replica>
  <debugCacheable>false</debugCacheable>
  <pluginInterface>org.datayoo.sengee.op.processing.flat.Json2KVTableDescriptor</pluginInterface>
  <pluginJar>structx-column-descriptor-1.0-SNAPSHOT.jar</pluginJar>
  <inports>
    <inport name="dataIn" dataType="/"/>
  </inports>
  <outports>
    <outport name="dataOut" dataType="/kvTable"/>
  </outports>
  <dependencies>
    <dependency>structx-column-descriptor-1.0-SNAPSHOT.jar:1.0-SNAPSHOT</dependency>
    <dependency>antlr-3.5.2.jar:3.5.2</dependency>
    <dependency>gson-2.10.1.jar:2.10.1</dependency>
    <dependency>java-jwt-3.4.0.jar:3.4.0</dependency>
  </dependencies>
  <parameters>
    <parametergroup name="general" c_Compox="sightx-tab" c_Alias="一般">
      <parameter name="dataColumn" c_Compox="sengee-string-column-selectort" c_Alias="Json数据列"></parameter>
    </parametergroup>
  </parameters>
</operator>
