<?xml version="1.0" encoding="UTF-8"?>

<operator>
  <name>ObjectFlatter</name>
  <alias>ObjectFlatter</alias>
  <type>Processing</type>
  <tags>
    <tag name="opCats" value="rowset,flat"/>
  </tags>
  <provider>DataYoo</provider>
  <version>1.0</version>
  <computionFramework>sengee</computionFramework>
  <atom>true</atom>
  <breaker>false</breaker>
  <templatable>false</templatable>
  <replica>0</replica>
  <debugCacheable>true</debugCacheable>
  <pluginInterface>org.datayoo.sengee.op.processing.flat.ObjectFlatterDescriptor</pluginInterface>
  <pluginJar>structx-column-descriptor-1.0-SNAPSHOT.jar</pluginJar>
  <inports>
    <inport name="dataIn" dataType="/" option="false"/>
  </inports>
  <outports>
    <outport name="dataOut" dataType="/"/>
  </outports>
  <dependencies>
    <dependency>structx-column-descriptor-1.0-SNAPSHOT.jar:1.0-SNAPSHOT</dependency>
    <dependency>antlr-3.5.2.jar:3.5.2</dependency>
    <dependency>gson-2.10.1.jar:2.10.1</dependency>
    <dependency>java-jwt-3.4.0.jar:3.4.0</dependency>
  </dependencies>
  <parameters>
    <parametergroup name="general" c_Compox="sightx-tab" c_Alias="一般">
      <parameter name="objectColumn" c_Option="false" c_Compox="sengee-column-selector" c_Alias="待转换列名称"></parameter>
      <parametertable name="columnSet" c_Alias="待保留列集合">
        <head>
          <parameter name="columnName" c_Option="false" c_Compox="sengee-column-selector" c_Alias="列名称"></parameter>
        </head>
      </parametertable>
      <parametergroup name="structureMappings" c_Compox="sengee-structureMappings" c_Alias="结构映射">
        <parameter name="mappingName" c_Alias="字段映射名">o</parameter>
        <parameter name="dataPath" c_Alias="结构字段路径">o</parameter>
        <parameter name="filterMode" c_Compox="filterModeCtrl" c_Alias="过滤模式">filter</parameter>
        <parameter name="startPos" c_Compox="startPosCtrl" c_Alias="起始位置">0</parameter>
        <parameter name="endPos" c_Compox="endPosCtrl" c_Alias="结束位置">-1</parameter>
        <parameter name="filter" c_Compox="filterCtrl" c_Alias="过滤条件"></parameter>
        <parametertable name="structureFields" c_Alias="结构字段映射">
          <head>
            <parameter name="columnName" c_Alias="输出列名"></parameter>
            <parameter name="dataPath" c_Alias="结构字段路径"></parameter>
            <parameter name="columnType" c_Compox="sightx-datatype" c_Alias="输出列数据类型"></parameter>
            <parameter name="formatFunc" c_Option="true" c_Alias="数据转换函数"></parameter>
          </head>
        </parametertable>
      </parametergroup>
    </parametergroup>
  </parameters>
  <compoxes>
    <compox id="filterModeCtrl" parentId="sightx-switch" type="CONTROLER">
      <attributes/>
      <configuration/>
      <dataDescriptor>
        <defaultValue><![CDATA[filter]]></defaultValue>
        <data><![CDATA[[{"label": "过滤", "value": "filter"}, {"label": "索引", "value": "index"}]]]></data>
        <actionScript><![CDATA[]]></actionScript>
      </dataDescriptor>
      <visibleDescriptors/>
      <actionDescriptors/>
      <components/>
    </compox>
    <compox id="startPosCtrl" parentId="sightx-uinteger" type="CONTROLER">
      <attributes/>
      <configuration/>
      <visibleDescriptors>
        <visibleDescriptor type="VISIBLE">
          <condition><![CDATA[filterMode == "index"]]></condition>
        </visibleDescriptor>
      </visibleDescriptors>
      <actionDescriptors/>
      <components/>
    </compox>
    <compox id="endPosCtrl" parentId="sightx-integer" type="CONTROLER">
      <attributes/>
      <configuration/>
      <visibleDescriptors>
        <visibleDescriptor type="VISIBLE">
          <condition><![CDATA[filterMode == "index"]]></condition>
        </visibleDescriptor>
      </visibleDescriptors>
      <actionDescriptors/>
      <components/>
    </compox>
    <compox id="filterCtrl" parentId="sightx-input" type="CONTROLER">
      <attributes/>
      <configuration/>
      <visibleDescriptors>
        <visibleDescriptor type="VISIBLE">
          <condition><![CDATA[filterMode == "filter"]]></condition>
        </visibleDescriptor>
      </visibleDescriptors>
      <actionDescriptors/>
      <components/>
    </compox>
  </compoxes>
</operator>
