<?xml version="1.0" encoding="UTF-8"?>

<operator>
  <name>RenameColumns</name>
  <alias>RenameColumns</alias>
  <type>Processing</type>
  <tags>
    <tag name="opCats" value="rowset,structure"/>
  </tags>
  <provider>DataYoo</provider>
  <version>1.0</version>
  <computionFramework>sengee</computionFramework>
  <atom>true</atom>
  <breaker>false</breaker>
  <templatable>false</templatable>
  <replica>0</replica>
  <debugCacheable>true</debugCacheable>
  <pluginInterface>org.datayoo.sengee.op.processing.st.RenameColumnsDescriptor</pluginInterface>
  <pluginJar>structx-column-descriptor-1.0-SNAPSHOT.jar</pluginJar>
  <inports>
    <inport name="dataIn" dataType="/" option="false"/>
  </inports>
  <outports>
    <outport name="dataOut" dataType="/"/>
  </outports>
  <dependencies>
    <dependency>structx-column-descriptor-1.0-SNAPSHOT.jar:1.0-SNAPSHOT</dependency>
    <dependency>antlr-3.5.2.jar:3.5.2</dependency>
    <dependency>gson-2.10.1.jar:2.10.1</dependency>
    <dependency>java-jwt-3.4.0.jar:3.4.0</dependency>
  </dependencies>
  <parameters>
    <parametergroup name="general" c_Compox="sightx-tab" c_Alias="一般">
      <parametertable name="columnSet" c_Alias="待重命名列集合">
        <head>
          <parameter name="columnName" c_Option="false" c_Compox="sengee-column-selector" c_Alias="待重命名列"></parameter>
          <parameter name="newColumnName" c_Option="false" c_Alias="新列名"></parameter>
        </head>
      </parametertable>
    </parametergroup>
  </parameters>
</operator>
