<?xml version="1.0" encoding="UTF-8"?>

<operator>
  <name>Aggregate</name>
  <alias>Aggregate</alias>
  <type>Processing</type>
  <tags>
    <tag name="opCats" value="rowset,grouping"/>
  </tags>
  <provider>DataYoo</provider>
  <version>1.0</version>
  <computionFramework>sengee</computionFramework>
  <atom>true</atom>
  <breaker>false</breaker>
  <templatable>false</templatable>
  <replica>0</replica>
  <debugCacheable>true</debugCacheable>
  <pluginInterface>org.datayoo.sengee.op.processing.r.grouping.AggregateDescriptor</pluginInterface>
  <pluginJar>processing-row-descriptor-1.0-SNAPSHOT.jar</pluginJar>
  <inports>
    <inport name="dataIn" dataType="/" option="false"/>
  </inports>
  <outports>
    <outport name="dataOut" dataType="/"/>
  </outports>
  <dependencies>
    <dependency>processing-row-descriptor-1.0-SNAPSHOT.jar:1.0-SNAPSHOT</dependency>
    <dependency>java-jwt-3.4.0.jar:3.4.0</dependency>
    <dependency>antlr-3.5.2.jar:3.5.2</dependency>
  </dependencies>
  <parameters>
    <parametergroup name="general" c_Compox="sightx-tab" c_Alias="一般">
      <parametertable name="columnSet" c_Alias="聚合属性">
        <head>
          <parameter name="columnName" c_Option="true" c_Compox="sengee-column-selector" c_Alias="列名"></parameter>
          <parameter name="function" c_Option="true" c_Compox="sengee-funcCtl" c_Alias="函数"></parameter>
          <parameter name="alias" c_Option="true" c_Compox="sightx-input" c_Alias="重命名"></parameter>
        </head>
      </parametertable>
      <parametertable name="groupingParams" c_Compox="sengee-columns-selector" c_Alias="分组列">
        <head>
          <parameter name="columnName" c_Option="false" c_Alias="列名"></parameter>
        </head>
      </parametertable>
    </parametergroup>
  </parameters>
  <compoxes>
    <compox id="sengee-funcCtl" parentId="sightx-combox" type="CONTROLER">
      <attributes/>
      <configuration/>
      <dataDescriptor>
        <defaultValue><![CDATA[avg]]></defaultValue>
        <data><![CDATA[[{"label": "平均值", "value": "avg"}, {"label": "计数", "value": "count"},{"label": "去重计数", "value": "distinctCount"},{"label": "峰度", "value": "kurtosis"}, {"label": "首值", "value": "first"},{"label": "末值", "value": "last"}, {"label": "最大值", "value": "max"},{"label": "中位数", "value": "median"}, {"label": "最小值", "value": "min"},{"label": "Mode", "value": "mode"}, {"label": "非空", "value": "notNull"},{"label": "百分位", "value": "percentile"}, {"label": "范围", "value": "range"},{"label": "半方差", "value": "semiVariance"}, {"label": "偏度", "value": "skewness"},{"label": "标准差", "value": "standardDeviation"}, {"label": "总和", "value": "sum"},{"label": "方差", "value": "variance"},{"label": "字符串连接", "value": "joint"},{"label": "列向量化", "value": "groupConcat"}]]]></data>
        <actionScript><![CDATA[]]></actionScript>
      </dataDescriptor>
      <visibleDescriptors/>
      <actionDescriptors/>
      <components/>
    </compox>
  </compoxes>
</operator>
