<?xml version="1.0" encoding="UTF-8"?>

<operator>
  <name>Join</name>
  <alias>Join</alias>
  <type>Processing</type>
  <tags>
    <tag name="opCats" value="rowset,join"/>
  </tags>
  <provider>DataYoo</provider>
  <version>1.0</version>
  <computionFramework>sengee</computionFramework>
  <atom>true</atom>
  <breaker>false</breaker>
  <templatable>false</templatable>
  <replica>-1</replica>
  <debugCacheable>true</debugCacheable>
  <pluginInterface>org.datayoo.sengee.op.processing.r.join.JoinDescriptor</pluginInterface>
  <pluginJar>processing-row-descriptor-1.0-SNAPSHOT.jar</pluginJar>
  <inports>
    <inport name="leftIn" dataType="/" option="false"/>
    <inport name="rightIn" dataType="/" option="false"/>
  </inports>
  <outports>
    <outport name="dataOut" dataType="/"/>
  </outports>
  <dependencies>
    <dependency>processing-row-descriptor-1.0-SNAPSHOT.jar:1.0-SNAPSHOT</dependency>
    <dependency>java-jwt-3.4.0.jar:3.4.0</dependency>
    <dependency>antlr-3.5.2.jar:3.5.2</dependency>
  </dependencies>
  <parameters>
    <parametergroup name="general" c_Compox="sightx-tab" c_Alias="一般">
      <parametertable name="columnSet" c_Alias="连接属性">
        <head>
          <parameter name="leftColumn" c_Option="false" c_Compox="sengee-leftIn:all-column-selector" c_Alias="左侧列"></parameter>
          <parameter name="rightColumn" c_Option="false" c_Compox="sengee-rightIn:all-column-selector" c_Alias="右侧列"></parameter>
        </head>
      </parametertable>
      <parameter name="joinType" c_Option="false" c_Compox="sengee-join" c_Alias="连接类型">left</parameter>
    </parametergroup>
  </parameters>
  <compoxes>
    <compox id="sengee-join" parentId="sightx-select" type="CONTROLER">
      <attributes/>
      <configuration/>
      <dataDescriptor>
        <defaultValue><![CDATA[left]]></defaultValue>
        <data><![CDATA[[{"label": "inner", "value": "inner"}, {"label": "left", "value": "left"},{"label": "right", "value": "right"},{"label": "full", "value": "full"}]]]></data>
        <actionScript><![CDATA[]]></actionScript>
      </dataDescriptor>
      <visibleDescriptors/>
      <actionDescriptors/>
      <components/>
    </compox>
  </compoxes>
</operator>
