<?xml version="1.0" encoding="UTF-8"?>

<operator>
  <name>MultiColumnsBloomFilter</name>
  <alias>MultiColumnsBloomFilter</alias>
  <type>Processing</type>
  <tags>
    <tag name="opCats" value="rowset,filter"/>
  </tags>
  <provider>DataYoo</provider>
  <version>1.0</version>
  <computionFramework>sengee</computionFramework>
  <atom>true</atom>
  <breaker>false</breaker>
  <templatable>false</templatable>
  <replica>0</replica>
  <debugCacheable>true</debugCacheable>
  <pluginInterface>org.datayoo.sengee.op.processing.r.filter.MultiColumnsBloomFilterDescriptor</pluginInterface>
  <pluginJar>processing-row-descriptor-1.0-SNAPSHOT.jar</pluginJar>
  <inports>
    <inport name="resIn" dataType="/" option="false"/>
    <inport name="dataIn" dataType="/" option="false"/>
  </inports>
  <outports>
    <outport name="dataOut" dataType="/"/>
  </outports>
  <dependencies>
    <dependency>processing-row-descriptor-1.0-SNAPSHOT.jar:1.0-SNAPSHOT</dependency>
    <dependency>java-jwt-3.4.0.jar:3.4.0</dependency>
    <dependency>antlr-3.5.2.jar:3.5.2</dependency>
  </dependencies>
  <parameters>
    <parametergroup name="general" c_Compox="sightx-tab" c_Alias="一般">
      <parametertable name="columnSet" c_Alias="待保留列集合">
        <head>
          <parameter name="srcColumn" c_Option="false" c_Compox="sengee-resIn:all-column-selector" c_Alias="字典数据集"></parameter>
          <parameter name="column" c_Option="false" c_Compox="sengee-dataIn:all-column-selector" c_Alias="待过滤数据列"></parameter>
        </head>
      </parametertable>
      <parameter name="fpp" c_Option="false" c_Compox="sightx-double" c_Alias="误差率">0.03</parameter>
      <parameter name="charset" c_Compox="sightx-file-charset" c_Alias="字符集">UTF-8</parameter>
    </parametergroup>
  </parameters>
</operator>
