<?xml version="1.0" encoding="UTF-8"?>

<operator>
  <name>PrivacyAggregate</name>
  <alias>PrivacyAggregate</alias>
  <type>Processing</type>
  <tags>
    <tag name="opCats" value="domain,privacy"/>
  </tags>
  <provider>DataYoo</provider>
  <version>1.0</version>
  <computionFramework>sengee</computionFramework>
  <atom>true</atom>
  <breaker>false</breaker>
  <templatable>false</templatable>
  <replica>0</replica>
  <debugCacheable>true</debugCacheable>
  <pluginInterface>org.datayoo.sengee.op.processing.r.grouping.PrivacyAggregateDescriptor</pluginInterface>
  <pluginJar>processing-row-descriptor-1.0-SNAPSHOT.jar</pluginJar>
  <inports>
    <inport name="dataIn" dataType="/" option="false"/>
  </inports>
  <outports>
    <outport name="dataOut" dataType="/"/>
  </outports>
  <dependencies>
    <dependency>processing-row-descriptor-1.0-SNAPSHOT.jar:1.0-SNAPSHOT</dependency>
    <dependency>java-jwt-3.4.0.jar:3.4.0</dependency>
    <dependency>antlr-3.5.2.jar:3.5.2</dependency>
  </dependencies>
  <parameters>
    <parametergroup name="general" c_Compox="sightx-tab" c_Alias="一般">
      <parametertable name="columnSet" c_Alias="聚合属性">
        <head>
          <parameter name="columnName" c_Option="false" c_Compox="sengee-column-selector" c_Alias="列名"></parameter>
          <parameter name="function" c_Option="false" c_Compox="sengee-funcCtl" c_Alias="函数"></parameter>
          <parameter name="alias" c_Option="true" c_Compox="sightx-input" c_Alias="重命名"></parameter>
        </head>
      </parametertable>
      <parametertable name="groupingParams" c_Alias="分组属性">
        <head>
          <parameter name="columnName" c_Option="false" c_Compox="sengee-column-selector" c_Alias="列名"></parameter>
        </head>
      </parametertable>
      <parametergroup name="confuseParams" c_Alias="混淆参数设置">
        <parameter name="epsilon" c_Option="false" c_Compox="sightx-double" c_Alias="epsilon变量">1.0</parameter>
        <parameter name="delta" c_Option="false" c_Compox="sightx-double" c_Alias="delta变量">0.15</parameter>
        <parameter name="noise" c_Option="false" c_Compox="noiseType" c_Alias="混淆算法">GAUSSIAN</parameter>
        <parameter name="lower" c_Option="false" c_Compox="sengee-uinteger" c_Alias="值阈下界">0</parameter>
        <parameter name="upper" c_Option="false" c_Compox="sengee-uinteger" c_Alias="值阈上界">500</parameter>
        <parameter name="maxPartitionsContributed" c_Option="false" c_Compox="sengee-uinteger" c_Alias="最大分区贡献">1</parameter>
        <parameter name="maxContributionsPerPartition" c_Option="false" c_Compox="sengee-uinteger" c_Alias="每分区最大贡献">1</parameter>
      </parametergroup>
    </parametergroup>
  </parameters>
  <compoxes>
    <compox id="sengee-funcCtl" parentId="sightx-combox" type="CONTROLER">
      <attributes/>
      <configuration/>
      <dataDescriptor>
        <defaultValue><![CDATA[avg]]></defaultValue>
        <data><![CDATA[[{"label": "平均值", "value": "avg"}, {"label": "总数", "value": "count"},{"label": "分位数", "value": "quantiles"},{"label": "总和", "value": "sum"},{"label": "方差", "value": "variance"}]]]></data>
        <actionScript><![CDATA[]]></actionScript>
      </dataDescriptor>
      <visibleDescriptors/>
      <actionDescriptors/>
      <components/>
    </compox>
    <compox id="noiseType" parentId="sightx-combox" type="CONTROLER">
      <attributes/>
      <configuration/>
      <dataDescriptor>
        <defaultValue><![CDATA[GAUSSIAN]]></defaultValue>
        <data><![CDATA[[{"label": "高斯混淆", "value": "GAUSSIAN"}, {"label": "离散拉普拉斯", "value": "DISCRETELAPLACE"},{"label": "拉普拉斯", "value": "LAPLACE"}]]]></data>
        <actionScript><![CDATA[]]></actionScript>
      </dataDescriptor>
      <visibleDescriptors/>
      <actionDescriptors/>
      <components/>
    </compox>
  </compoxes>
</operator>
