<?xml version="1.0" encoding="UTF-8"?>

<operator>
  <name>Sampling</name>
  <alias>Sampling</alias>
  <type>Processing</type>
  <tags>
    <tag name="opCats" value="rowset,sampling"/>
  </tags>
  <provider>DataYoo</provider>
  <version>1.0</version>
  <computionFramework>sengee</computionFramework>
  <atom>true</atom>
  <breaker>false</breaker>
  <templatable>false</templatable>
  <replica>0</replica>
  <debugCacheable>true</debugCacheable>
  <pluginInterface>org.datayoo.sengee.op.processing.r.sampling.SamplingDescriptor</pluginInterface>
  <pluginJar>processing-row-descriptor-1.0-SNAPSHOT.jar</pluginJar>
  <inports>
    <inport name="dataIn" dataType="/" option="false"/>
  </inports>
  <outports>
    <outport name="dataOut" dataType="/"/>
  </outports>
  <dependencies>
    <dependency>processing-row-descriptor-1.0-SNAPSHOT.jar:1.0-SNAPSHOT</dependency>
    <dependency>java-jwt-3.4.0.jar:3.4.0</dependency>
    <dependency>antlr-3.5.2.jar:3.5.2</dependency>
  </dependencies>
  <parameters>
    <parametergroup name="general" c_Compox="sightx-tab" c_Alias="一般">
      <parameter name="sample" c_Option="false" c_Compox="sampleCtrl" c_Alias="抽样策略">ABSOLUTE</parameter>
      <parameter name="sampleSize" c_Option="false" c_Compox="sampling-sampleSize" c_Alias="抽样数量">0</parameter>
      <parameter name="sampleRatio" c_Option="false" c_Compox="sampling-sampleRatio" c_Alias="抽样比例">0.0</parameter>
      <parameter name="sampleProbability" c_Option="false" c_Compox="sampling-sampleProbability" c_Alias="抽样概率">0.0</parameter>
    </parametergroup>
  </parameters>
  <compoxes>
    <compox id="sampleCtrl" parentId="sightx-select" type="CONTROLER">
      <attributes/>
      <configuration/>
      <dataDescriptor>
        <defaultValue><![CDATA[ABSOLUTE]]></defaultValue>
        <data><![CDATA[[{"label": "绝对值", "value": "ABSOLUTE"}, {"label": "相对比例", "value": "RELATIVE"}, {"label": "抽样概率", "value": "PROBABILITY"}]]]></data>
        <actionScript><![CDATA[]]></actionScript>
      </dataDescriptor>
      <visibleDescriptors/>
      <actionDescriptors/>
      <components/>
    </compox>
    <compox id="sampling-sampleSize" parentId="sightx-uinteger" type="CONTROLER">
      <attributes/>
      <configuration/>
      <visibleDescriptors>
        <visibleDescriptor type="VISIBLE">
          <condition><![CDATA[sample == "ABSOLUTE"]]></condition>
        </visibleDescriptor>
      </visibleDescriptors>
      <actionDescriptors/>
      <components/>
    </compox>
    <compox id="sampling-sampleRatio" parentId="sightx-double" type="CONTROLER">
      <attributes/>
      <configuration/>
      <visibleDescriptors>
        <visibleDescriptor type="VISIBLE">
          <condition><![CDATA[sample == "RELATIVE"]]></condition>
        </visibleDescriptor>
      </visibleDescriptors>
      <actionDescriptors/>
      <components/>
    </compox>
    <compox id="sampling-sampleProbability" parentId="sightx-double" type="CONTROLER">
      <attributes/>
      <configuration/>
      <visibleDescriptors>
        <visibleDescriptor type="VISIBLE">
          <condition><![CDATA[sample == "PROBABILITY"]]></condition>
        </visibleDescriptor>
      </visibleDescriptors>
      <actionDescriptors/>
      <components/>
    </compox>
  </compoxes>
</operator>
