<?xml version="1.0" encoding="UTF-8"?>

<operator>
  <name>Sort</name>
  <alias>Sort</alias>
  <type>Processing</type>
  <tags>
    <tag name="opCats" value="rowset,order"/>
  </tags>
  <provider>DataYoo</provider>
  <version>1.0</version>
  <computionFramework>sengee</computionFramework>
  <atom>true</atom>
  <breaker>false</breaker>
  <templatable>false</templatable>
  <replica>0</replica>
  <debugCacheable>true</debugCacheable>
  <pluginInterface>org.datayoo.sengee.op.processing.r.order.SortDescriptor</pluginInterface>
  <pluginJar>processing-row-descriptor-1.0-SNAPSHOT.jar</pluginJar>
  <inports>
    <inport name="dataIn" dataType="/" option="false"/>
  </inports>
  <outports>
    <outport name="dataOut" dataType="/"/>
  </outports>
  <dependencies>
    <dependency>processing-row-descriptor-1.0-SNAPSHOT.jar:1.0-SNAPSHOT</dependency>
    <dependency>java-jwt-3.4.0.jar:3.4.0</dependency>
    <dependency>antlr-3.5.2.jar:3.5.2</dependency>
  </dependencies>
  <parameters>
    <parametergroup name="general" c_Compox="sightx-tab" c_Alias="一般">
      <parametertable name="columnSet" c_Alias="排序属性">
        <head>
          <parameter name="columnName" c_Option="false" c_Compox="sengee-column-selector" c_Alias="属性名称"></parameter>
          <parameter name="direction" c_Option="false" c_Compox="sengee-direct" c_Alias="排序方向">DESC</parameter>
        </head>
      </parametertable>
    </parametergroup>
  </parameters>
  <compoxes>
    <compox id="sengee-direct" parentId="sightx-select" type="CONTROLER">
      <attributes/>
      <configuration/>
      <dataDescriptor>
        <defaultValue><![CDATA[DESC]]></defaultValue>
        <data><![CDATA[[{"label": "升序", "value": "ASC"}, {"label": "降序", "value": "DESC"}]]]></data>
        <actionScript><![CDATA[]]></actionScript>
      </dataDescriptor>
      <visibleDescriptors/>
      <actionDescriptors/>
      <components/>
    </compox>
  </compoxes>
</operator>
