<?xml version="1.0" encoding="UTF-8"?>

<operator>
  <name>SparkSQL</name>
  <alias>SparkSQL</alias>
  <type>Processing</type>
  <tags>
    <tag name="opCats" value="rowset,sql"/>
  </tags>
  <provider>DataYoo</provider>
  <version>1.0</version>
  <computionFramework>sengee</computionFramework>
  <atom>true</atom>
  <breaker>false</breaker>
  <templatable>false</templatable>
  <replica>0</replica>
  <debugCacheable>true</debugCacheable>
  <pluginInterface>org.datayoo.sengee.op.processing.r.SparkSQLDescriptor</pluginInterface>
  <pluginJar>processing-row-descriptor-1.0-SNAPSHOT.jar</pluginJar>
  <inports>
    <inport name="dataIn" dataType="/" option="false" connectionLimit="1"/>
  </inports>
  <outports>
    <outport name="dataOut" dataType="/"/>
  </outports>
  <dependencies>
    <dependency>processing-row-descriptor-1.0-SNAPSHOT.jar:1.0-SNAPSHOT</dependency>
    <dependency>java-jwt-3.4.0.jar:3.4.0</dependency>
    <dependency>antlr-3.5.2.jar:3.5.2</dependency>
  </dependencies>
  <parameters>
    <parametergroup name="general" c_Compox="sightx-tab" c_Alias="一般">
      <parameter name="sql" c_Option="false" c_Compox="sengee-sql" c_Alias="SQL"></parameter>
      <parametergroup name="columnSet" c_Alias="列集">
        <parametergroup name="colMappings" c_Compox="sengee-colMappings" c_Alias="列集合">
          <parametergroup name="mappingEntry">
            <parameter name="colName" c_Alias="输出列名称"></parameter>
            <parameter name="colType" c_Compox="sightx-datatype" c_Alias="输出列类型">String</parameter>
            <parameter name="colExpr" c_Alias="输出数据表达式"></parameter>
          </parametergroup>
        </parametergroup>
      </parametergroup>
    </parametergroup>
  </parameters>
</operator>
