<?xml version="1.0" encoding="UTF-8"?>

<operator>
  <name>Javascript</name>
  <alias>Javascript</alias>
  <type>Processing</type>
  <provider>DataYoo</provider>
  <version>1.0</version>
  <computionFramework>oyez</computionFramework>
  <debugCacheable>true</debugCacheable>
  <pluginInterface>org.datayoo.oyez.op.laint.javascript.Javascript</pluginInterface>
  <pluginJar>laint-javascript-oyez-1.0-SNAPSHOT.jar</pluginJar>
  <inports>
    <inport name="dataIn" dataType="/" option="false"/>
  </inports>
  <outports>
    <outport name="dataOut" dataType="/"/>
  </outports>
  <dependencies>
    <dependency>laint-javascript-oyez-1.0-SNAPSHOT.jar:1.0-SNAPSHOT</dependency>
    <dependency>laint-common-1.0-SNAPSHOT.jar:1.0-SNAPSHOT</dependency>
    <dependency>laint-javascript-descriptor-1.0-SNAPSHOT.jar:1.0-SNAPSHOT</dependency>
  </dependencies>
  <parameters/>
</operator>
