<?xml version="1.0" encoding="UTF-8"?>

<operator>
  <name>OpenAITextEmbedding</name>
  <alias>OpenAITextEmbedding</alias>
  <type>Processing</type>
  <provider>DataYoo</provider>
  <version>1.0</version>
  <computionFramework>oyez</computionFramework>
  <dependencyPolicy>PublicFirst</dependencyPolicy>
  <pluginInterface>org.datayoo.oyez.op.moo.embedding.txt.OpenAITextEmbedding</pluginInterface>
  <pluginJar>moo-openai-oyez-1.0-SNAPSHOT.jar</pluginJar>
  <inports>
    <inport name="dataIn" dataType="/"/>
  </inports>
  <outports>
    <outport name="embeddingOut" dataType="/embedding/txt"/>
  </outports>
  <dependencies>
    <dependency>moo-openai-oyez-1.0-SNAPSHOT.jar:1.0-SNAPSHOT</dependency>
    <dependency>moo-openai-descriptor-1.0-SNAPSHOT.jar:1.0-SNAPSHOT</dependency>
  </dependencies>
  <parameters/>
</operator>
