<?xml version="1.0" encoding="UTF-8"?>

<operator>
  <name>OpenAITextToImage</name>
  <alias>OpenAITextToImage</alias>
  <type>Processing</type>
  <tags>
    <tag name="envDeps" value="python"/>
    <tag name="language" value="python"/>
    <tag name="opCats" value="aigc,img"/>
  </tags>
  <provider>DataYoo</provider>
  <version>1.0</version>
  <computionFramework>oyez</computionFramework>
  <dependencyPolicy>PublicFirst</dependencyPolicy>
  <pluginInterface>org.datayoo.oyez.op.moo.generator.img.OpenAITextToImage</pluginInterface>
  <pluginJar>moo-openai-oyez-1.0-SNAPSHOT.jar</pluginJar>
  <inports>
    <inport name="dataIn" dataType="/"/>
  </inports>
  <outports>
    <outport name="streamOut" dataType="/dataStream" connectionLimit="1"/>
  </outports>
  <dependencies>
    <dependency>moo-openai-oyez-1.0-SNAPSHOT.jar:1.0-SNAPSHOT</dependency>
    <dependency>moo-openai-descriptor-1.0-SNAPSHOT.jar:1.0-SNAPSHOT</dependency>
  </dependencies>
  <parameters/>
</operator>
