<?xml version="1.0" encoding="UTF-8"?>

<operator>
  <name>OpenAISpeechToText</name>
  <alias>OpenAISpeechToText</alias>
  <type>Processing</type>
  <tags>
    <tag name="envDeps" value="python"/>
    <tag name="language" value="python"/>
  </tags>
  <provider>DataYoo</provider>
  <version>1.0</version>
  <computionFramework>oyez</computionFramework>
  <dependencyPolicy>PublicFirst</dependencyPolicy>
  <pluginInterface>org.datayoo.oyez.op.moo.extractor.audio.OpenAISpeechToText</pluginInterface>
  <pluginJar>moo-openai-oyez-1.0-SNAPSHOT.jar</pluginJar>
  <inports>
    <inport name="streamIn" dataType="/dataStream"/>
  </inports>
  <outports>
    <outport name="dataOut" dataType="/d1RegionFeature"/>
  </outports>
  <dependencies>
    <dependency>moo-openai-oyez-1.0-SNAPSHOT.jar:1.0-SNAPSHOT</dependency>
    <dependency>moo-openai-descriptor-1.0-SNAPSHOT.jar:1.0-SNAPSHOT</dependency>
  </dependencies>
  <parameters/>
</operator>
