<?xml version="1.0" encoding="UTF-8"?>

<operator>
  <name>OpenAITextToImage</name>
  <alias>OpenAITextToImage</alias>
  <type>Processing</type>
  <tags>
    <tag name="envDeps" value="python"/>
    <tag name="language" value="python"/>
    <tag name="opCats" value="aigc,img"/>
  </tags>
  <provider>DataYoo</provider>
  <version>1.0</version>
  <computionFramework>sengee</computionFramework>
  <dependencyPolicy>PublicFirst</dependencyPolicy>
  <pluginInterface>org.datayoo.sengee.op.moo.generator.img.OpenAITextToImageDescriptor</pluginInterface>
  <pluginJar>moo-openai-descriptor-1.0-SNAPSHOT.jar</pluginJar>
  <inports>
    <inport name="dataIn" dataType="/"/>
  </inports>
  <outports>
    <outport name="streamOut" dataType="/dataStream" connectionLimit="1"/>
  </outports>
  <dependencies>
    <dependency>moo-openai-descriptor-1.0-SNAPSHOT.jar:1.0-SNAPSHOT</dependency>
  </dependencies>
  <parameters>
    <parametergroup name="general" c_Compox="sightx-tab" c_Alias="一般">
      <parametergroup name="settingService" c_Option="true" c_Compox="sightx-hidden" c_Alias="网络Http代理服务">
        <parameter name="serviceName"></parameter>
        <parameter name="serviceId"></parameter>
      </parametergroup>
      <parametergroup name="authSettingsService" c_Option="false" c_Compox="datayoo-openai-auth" c_Alias="访问帐号">
        <parameter name="serviceName"></parameter>
        <parameter name="serviceId"></parameter>
      </parametergroup>
      <parameter name="modelName" c_Option="false" c_Compox="modelCtrl" c_Alias="模型名称">n/a</parameter>
      <parameter name="columnName" c_Option="false" c_Compox="sengee-string-column-selector" c_Alias="图像特征信息列"></parameter>
      <parameter name="outputNamePattern" c_Option="false" c_Compox="sightx-input" c_Alias="输出图像文件名"></parameter>
      <parameter name="maxNewImages" c_Option="false" c_Compox="sightx-integer" c_Alias="期望生成的图像数">1</parameter>
      <parameter name="imgSize" c_Option="false" c_Compox="imageSizeCtrl" c_Alias="图像尺寸">256x256</parameter>
    </parametergroup>
  </parameters>
  <compoxes>
    <compox id="imageSizeCtrl" parentId="sightx-combox" type="CONTROLER">
      <attributes/>
      <configuration/>
      <dataDescriptor>
        <defaultValue><![CDATA[false]]></defaultValue>
        <data><![CDATA[[{"label": "256x256", "value": "256x256"},{"label": "512x512", "value": "512x512"},{"label": "1024x1024", "value": "1024x1024"} ]]]></data>
        <actionScript><![CDATA[]]></actionScript>
      </dataDescriptor>
      <dataDescriptors/>
      <visibleDescriptors/>
      <actionDescriptors/>
      <components/>
    </compox>
  </compoxes>
</operator>
