<?xml version="1.0" encoding="UTF-8"?>

<operator>
  <name>OpenAITextEmbedding</name>
  <alias>OpenAITextEmbedding</alias>
  <type>Processing</type>
  <tags>
    <tag name="opCats" value="domain,nlp,embedding"/>
  </tags>
  <provider>DataYoo</provider>
  <version>1.0</version>
  <computionFramework>sengee</computionFramework>
  <dependencyPolicy>PublicFirst</dependencyPolicy>
  <pluginInterface>org.datayoo.sengee.op.moo.embedding.txt.OpenAITextEmbeddingDescriptor</pluginInterface>
  <pluginJar>moo-openai-descriptor-1.0-SNAPSHOT.jar</pluginJar>
  <inports>
    <inport name="dataIn" dataType="/"/>
  </inports>
  <outports>
    <outport name="embeddingOut" dataType="/embedding/txt"/>
  </outports>
  <dependencies>
    <dependency>moo-openai-descriptor-1.0-SNAPSHOT.jar:1.0-SNAPSHOT</dependency>
  </dependencies>
  <parameters>
    <parametergroup name="general" c_Compox="sightx-tab" c_Alias="一般">
      <parametergroup name="settingService" c_Option="true" c_Compox="sengee-httpproxy-settings" c_Alias="网络Http代理服务">
        <parameter name="serviceName"></parameter>
        <parameter name="serviceId"></parameter>
      </parametergroup>
      <parametergroup name="authSettingsService" c_Option="false" c_Compox="datayoo-openai-auth" c_Alias="访问帐号">
        <parameter name="serviceName"></parameter>
        <parameter name="serviceId"></parameter>
      </parametergroup>
      <parameter name="modelName" c_Option="false" c_Compox="modelCtrl" c_Alias="模型名称">n/a</parameter>
      <parameter name="idColumn" c_Option="false" c_Compox="sengee-column-selector" c_Alias="文本ID"></parameter>
      <parameter name="columnName" c_Option="false" c_Compox="sengee-column-selector" c_Alias="待Embedding列"></parameter>
    </parametergroup>
  </parameters>
  <compoxes>
    <compox id="modelCtrl" parentId="sightx-combox" type="CONTROLER">
      <attributes/>
      <configuration/>
      <dataDescriptor>
        <defaultValue><![CDATA["text-embedding-ada-002"]]></defaultValue>
        <data><![CDATA[[{"label":"text-embedding-ada-002","value":"text-embedding-ada-002"},{"label":"text-davinci-003","value":"text-davinci-003"},{"label":"text-davinci-002","value":"text-davinci-002"}]]]></data>
        <actionScript><![CDATA[]]></actionScript>
      </dataDescriptor>
      <dataDescriptors/>
      <visibleDescriptors/>
      <actionDescriptors/>
      <components/>
    </compox>
  </compoxes>
</operator>
