<?xml version="1.0" encoding="UTF-8"?>

<operator>
  <name>OpenAISpeechToText</name>
  <alias>OpenAISpeechToText</alias>
  <type>Processing</type>
  <tags>
    <tag name="envDeps" value="python"/>
    <tag name="language" value="python"/>
    <tag name="opCats" value="extractor,audio,txt"/>
  </tags>
  <provider>DataYoo</provider>
  <version>1.0</version>
  <computionFramework>sengee</computionFramework>
  <dependencyPolicy>PublicFirst</dependencyPolicy>
  <pluginInterface>org.datayoo.sengee.op.moo.extractor.audio.OpenAISpeechToTextDescriptor</pluginInterface>
  <pluginJar>moo-openai-descriptor-1.0-SNAPSHOT.jar</pluginJar>
  <inports>
    <inport name="streamIn" dataType="/dataStream"/>
  </inports>
  <outports>
    <outport name="dataOut" dataType="/d1RegionFeature"/>
  </outports>
  <dependencies>
    <dependency>moo-openai-descriptor-1.0-SNAPSHOT.jar:1.0-SNAPSHOT</dependency>
  </dependencies>
  <parameters>
    <parametergroup name="general" c_Compox="sightx-tab" c_Alias="一般">
      <parametergroup name="settingService" c_Option="true" c_Compox="sightx-hidden" c_Alias="网络Http代理服务">
        <parameter name="serviceName"></parameter>
        <parameter name="serviceId"></parameter>
      </parametergroup>
      <parametergroup name="authSettingsService" c_Option="false" c_Compox="datayoo-openai-auth" c_Alias="访问帐号">
        <parameter name="serviceName"></parameter>
        <parameter name="serviceId"></parameter>
      </parametergroup>
      <parameter name="modelName" c_Option="false" c_Compox="modelCtrl" c_Alias="模型名称">n/a</parameter>
      <parameter name="prompt" c_Option="true" c_Compox="sightx-input" c_Alias="语音转换前置控制"></parameter>
      <parameter name="temperature" c_Option="true" c_Compox="sightx-udouble" c_Alias="随机度调节指数">0</parameter>
    </parametergroup>
  </parameters>
</operator>
