<resourcedescriptor name="huggingFace" alias="HuggingFace"
                    type="huggingFace">
    <name>huggingFace</name>
    <type>Account</type>
    <alias>HuggingFace</alias>
    <parameters>
        <parametergroup name="general" c_Compox="sightx-tab"
                        c_Alias="认证设置">
            <parametergroup name="connectionSettings">
                <parameter name="authType" c_Alias="认证方法"
                           c_Option="false"
                           c_Compox="sightx-hidden">OAUTH2
                </parameter>
                <parameter name="oauth2Type" c_Alias="Oauth2类型"
                           c_Option="false"
                           c_Compox="sightx-hidden">BASIC
                </parameter>
                <parameter name="accountName" c_Alias="API ID"
                           c_Option="false"
                           c_Compox="sightx-input">
                </parameter>
                <parameter name="accessToken" c_Alias="Secret"
                           c_Option="false"
                           c_Compox="sightx-input"></parameter>
                <parameter name="password" c_Alias="密码" c_Option="false"
                           c_Compox="sightx-hidden">
                </parameter>
                <parameter name="encrypt" c_Alias="密码是否加密"
                           c_Compox="sightx-hidden">false
                </parameter>
            </parametergroup>
        </parametergroup>
    </parameters>
    <compoxes>
    </compoxes>
</resourcedescriptor>