<?xml version="1.0" encoding="UTF-8"?>

<operator>
  <name>CommonPrompt</name>
  <alias>CommonPrompt</alias>
  <type>Processing</type>
  <tags>
    <tag name="opCats" value="domain,llm,prompt"/>
  </tags>
  <provider>DataYoo</provider>
  <version>1.0</version>
  <computionFramework>sengee</computionFramework>
  <atom>true</atom>
  <breaker>false</breaker>
  <templatable>false</templatable>
  <replica>0</replica>
  <debugCacheable>false</debugCacheable>
  <pluginInterface>org.datayoo.sengee.op.moo.prompt.CommonPromptDescriptor</pluginInterface>
  <pluginJar>qilee-prompt-descriptor-1.0-SNAPSHOT.jar</pluginJar>
  <inports>
    <inport name="dataIn" dataType="/" option="false"/>
  </inports>
  <outports>
    <outport name="promptOut" dataType="/prompt"/>
  </outports>
  <dependencies>
    <dependency>qilee-prompt-descriptor-1.0-SNAPSHOT.jar:1.0-SNAPSHOT</dependency>
    <dependency>qilee-common-1.0-SNAPSHOT.jar:1.0-SNAPSHOT</dependency>
    <dependency>java-jwt-3.4.0.jar:3.4.0</dependency>
    <dependency>antlr-3.5.2.jar:3.5.2</dependency>
  </dependencies>
  <parameters>
    <parametergroup name="general" c_Compox="sightx-tab" c_Alias="一般">
      <parametergroup name="promptTemplate" c_Option="true" c_Compox="sengee-simple-promptTemplate" c_Alias="提示模板">
        <parameter name="templateName"></parameter>
        <parameter name="templateId"></parameter>
        <parameter name="template" c_Compox="sightx-hidden"></parameter>
      </parametergroup>
      <parametertable name="ctxVarMappings" c_Compox="sengee-promptTemplate-ctxVar" c_Alias="提示模板变量映射">
        <head>
          <parameter name="ctxVar" c_Option="false" c_Compox="sightx-label" c_Alias="提示模板变量"></parameter>
          <parameter name="column" c_Option="false" c_Compox="sengee-column-selector" c_Alias="对应列"></parameter>
        </head>
      </parametertable>
    </parametergroup>
  </parameters>
</operator>
